{
    "test": {
        "combined": {
            "loss": [
                0.41390472650527954,
                0.06875637918710709,
                0.07686865329742432,
                0.0914878249168396,
                0.10772762447595596
            ]
        },
        "label": {
            "accuracy": [
                0.8623024821281433,
                0.981941282749176,
                0.980812668800354,
                0.980812668800354,
                0.9796839952468872
            ],
            "loss": [
                0.41390472650527954,
                0.06875637918710709,
                0.07686865329742432,
                0.0914878249168396,
                0.10772762447595596
            ]
        }
    },
    "training": {
        "combined": {
            "loss": [
                0.4066264033317566,
                0.021501505747437477,
                0.006714074406772852,
                0.0002980014542117715,
                6.790854968130589e-05
            ]
        },
        "label": {
            "accuracy": [
                0.8639822602272034,
                0.9933418035507202,
                0.9980976581573486,
                1.0,
                1.0
            ],
            "loss": [
                0.4066264033317566,
                0.021501505747437477,
                0.006714074406772852,
                0.0002980014542117715,
                6.790854968130589e-05
            ]
        }
    },
    "validation": {
        "combined": {
            "loss": [
                0.3890087604522705,
                0.021237388253211975,
                0.01544874906539917,
                0.010810410603880882,
                0.014407646842300892
            ]
        },
        "label": {
            "accuracy": [
                0.8776978254318237,
                0.9952038526535034,
                0.9952038526535034,
                0.9928057789802551,
                0.9928057789802551
            ],
            "loss": [
                0.3890087604522705,
                0.021237388253211975,
                0.01544874906539917,
                0.010810410603880882,
                0.014407646842300892
            ]
        }
    }
}