{
    "batch_size": 128,
    "best_eval_metric": 0.010810410603880882,
    "best_increase_batch_size_eval_metric": Infinity,
    "best_reduce_learning_rate_eval_metric": Infinity,
    "epoch": 5,
    "last_improvement": 25,
    "last_improvement_steps": 100,
    "last_increase_batch_size": 0,
    "last_increase_batch_size_eval_metric_improvement": 0,
    "last_increase_batch_size_steps": 0,
    "last_learning_rate_reduction": 0,
    "last_learning_rate_reduction_steps": 0,
    "last_reduce_learning_rate_eval_metric_improvement": 0,
    "learning_rate": 0.001,
    "num_increases_batch_size": 0,
    "num_reductions_learning_rate": 0,
    "steps": 125,
    "test_metrics": {
        "combined": {
            "loss": [
                [
                    0,
                    25,
                    0.41390472650527954
                ],
                [
                    1,
                    50,
                    0.06875637918710709
                ],
                [
                    2,
                    75,
                    0.07686865329742432
                ],
                [
                    3,
                    100,
                    0.0914878249168396
                ],
                [
                    4,
                    125,
                    0.10772762447595596
                ]
            ]
        },
        "label": {
            "accuracy": [
                [
                    0,
                    25,
                    0.8623024821281433
                ],
                [
                    1,
                    50,
                    0.981941282749176
                ],
                [
                    2,
                    75,
                    0.980812668800354
                ],
                [
                    3,
                    100,
                    0.980812668800354
                ],
                [
                    4,
                    125,
                    0.9796839952468872
                ]
            ],
            "loss": [
                [
                    0,
                    25,
                    0.41390472650527954
                ],
                [
                    1,
                    50,
                    0.06875637918710709
                ],
                [
                    2,
                    75,
                    0.07686865329742432
                ],
                [
                    3,
                    100,
                    0.0914878249168396
                ],
                [
                    4,
                    125,
                    0.10772762447595596
                ]
            ]
        }
    },
    "train_metrics": {
        "combined": {
            "loss": [
                [
                    0,
                    25,
                    0.4066264033317566
                ],
                [
                    1,
                    50,
                    0.021501505747437477
                ],
                [
                    2,
                    75,
                    0.006714074406772852
                ],
                [
                    3,
                    100,
                    0.0002980014542117715
                ],
                [
                    4,
                    125,
                    6.790854968130589e-05
                ]
            ]
        },
        "label": {
            "accuracy": [
                [
                    0,
                    25,
                    0.8639822602272034
                ],
                [
                    1,
                    50,
                    0.9933418035507202
                ],
                [
                    2,
                    75,
                    0.9980976581573486
                ],
                [
                    3,
                    100,
                    1.0
                ],
                [
                    4,
                    125,
                    1.0
                ]
            ],
            "loss": [
                [
                    0,
                    25,
                    0.4066264033317566
                ],
                [
                    1,
                    50,
                    0.021501505747437477
                ],
                [
                    2,
                    75,
                    0.006714074406772852
                ],
                [
                    3,
                    100,
                    0.0002980014542117715
                ],
                [
                    4,
                    125,
                    6.790854968130589e-05
                ]
            ]
        }
    },
    "tune_checkpoint_num": 0,
    "validation_metrics": {
        "combined": {
            "loss": [
                [
                    0,
                    25,
                    0.3890087604522705
                ],
                [
                    1,
                    50,
                    0.021237388253211975
                ],
                [
                    2,
                    75,
                    0.01544874906539917
                ],
                [
                    3,
                    100,
                    0.010810410603880882
                ],
                [
                    4,
                    125,
                    0.014407646842300892
                ]
            ]
        },
        "label": {
            "accuracy": [
                [
                    0,
                    25,
                    0.8776978254318237
                ],
                [
                    1,
                    50,
                    0.9952038526535034
                ],
                [
                    2,
                    75,
                    0.9952038526535034
                ],
                [
                    3,
                    100,
                    0.9928057789802551
                ],
                [
                    4,
                    125,
                    0.9928057789802551
                ]
            ],
            "loss": [
                [
                    0,
                    25,
                    0.3890087604522705
                ],
                [
                    1,
                    50,
                    0.021237388253211975
                ],
                [
                    2,
                    75,
                    0.01544874906539917
                ],
                [
                    3,
                    100,
                    0.010810410603880882
                ],
                [
                    4,
                    125,
                    0.014407646842300892
                ]
            ]
        }
    }
}